{
  "html": {
    "avg_vcs": 0.5978100741888966,
    "min_vcs": 0.15675349199893138,
    "max_vcs": 1.0,
    "std_vcs": 0.22087520121255166,
    "count": 39,
    "no_archive_count": 206
  },
  "spa": {
    "avg_vcs": 0.6626069342810821,
    "min_vcs": 0.031063681728732945,
    "max_vcs": 1.0,
    "std_vcs": 0.2706729396038601,
    "count": 64,
    "no_archive_count": 179
  },
  "social": {
    "avg_vcs": 0.6175090298551781,
    "min_vcs": 0.014092935333402343,
    "max_vcs": 1.0,
    "std_vcs": 0.2573620183167567,
    "count": 65,
    "no_archive_count": 179
  },
  "api": {
    "avg_vcs": 0.8517332804778335,
    "min_vcs": 0.2807889455226909,
    "max_vcs": 1.0,
    "std_vcs": 0.18938868675071185,
    "count": 21,
    "no_archive_count": 227
  }
}